{ "Books":
  [
    { "ISBN":"ISBN-13:978-1599620787",
      "Price":15.23,
      "Weight":1.5,
      "Title":"New York Deco",
      "Authors":[ {"First_Name":"Richard", "Last_Name":"Berenholtz"}
                ] 
	},
    { "ISBN":"ISBN-13:978-1579128562",
      "Price":15.80,
      "Remark":"Five Hundred Buildings of New York and over one million other books are available for Amazon Kindle.",
      "Title":"Five Hundred Buildings of New York",
      "Authors":[ {"First_Name":"Bill", "Last_Name":"Harris"},
                  {"First_Name":"Jorg", "Last_Name":"Brockmann"}
                ] 
			}
  ],
  "Kindle":
  [
    { "Title":"National Geographic",
      "URL":"http://www.amazon.com/The-New-York-Times-Book-ebook/dp/B00IIXLKNC",
      "Authors":[ {"First_Name":"James", "Last_Name":"Barron"},
                  {"First_Name":"Anna", "Last_Name":"Quindlen"}
                ]}
  ]
}